id;name;mother_name;birthdate;email
1;pale fix;yoke pilgrimage;2023-10-19;Roma_Grimes53@yahoo.com
2;supposing ack;peppery;2023-10-19;Evangeline.Farrell49@gmail.com
3;capture;base rundown gah;2023-10-19;Henderson95@gmail.com
4;until;reorganisation;2023-10-19;Adam_Howe@yahoo.com
5;briefly below;whose degrease;2023-10-19;Deborah_Ondricka@gmail.com
6;whoa;wrongly;2023-10-19;Orie_Veum14@hotmail.com
7;yahoo stylus oh;before;2023-10-19;Piper_Effertz@hotmail.com
8;bravely that off;barring fit ah;2023-10-19;Marion_Beier52@hotmail.com
9;briefly;aerate;2023-10-19;Wilfred.Will@gmail.com
10;versus gadzooks against;restructure composed striking;2023-10-19;Alyson45@yahoo.com
